num,nickname
1,거울 보는 버즈
2,막돼먹은 영웅
3,휴가 짤린 밀짚모자
4,난감해하는 귀신
5,작곡하는 밀크쉐이크
6,가을타는 앞잡이
7,사다리타는 말티즈
8,가을타는 가평 펜션
9,기력없는 대리운전
10,혼란스러운 대나무
11,소원 비는 건전지
12,일어나소서 노트북
13,당돌한 암모나이트
14,어질러진 식빵
15,가을타는 물통
16,정 떨어지는 간달프
17,겁이 많은 정원사
18,결혼한 개발자
19,주먹이 무서운 둘리
20,곱슬곱슬한 두더지
21,금사빠인 웰시코기
22,고장난 트롤
23,폭발하는 김밥말이
24,고조선 시대의 체리
25,사다리타는 호갱
26,배영하는 세경씨
27,잠꼬대하는 거지
28,지건 마려운 바밤바
29,변비에 걸린 해적왕
30,지루한 발라드가수
31,참지않는 페더러
32,고시공부하는 목사
33,자전거 타는 네모
34,빨간맛 호박
35,죽다 살아난 에어컨
36,휴가나온 곤듀님
37,커피내리는 초딩
38,사연있는 스크류바
39,눈이 침침한 궁예
40,뜨개질하는 아이폰
41,퍽퍽한 대학생
42,여행 중인 아싸
43,안달난 가평 펜션
44,어질러진 대나무
45,한 여름밤의 자물쇠
46,잠꼬대하는 우산꽂이
47,잔소리하는 스킨로션
48,국토대장정하는 인싸
49,소원 비는 심해어
50,개방적인 손민수
51,졸업사진찍는 호갱
52,선글라스 쓴 족발
53,뿌듯해하는 베개
54,고시공부하는 또치
55,작곡하는 프로자취러
56,틀니낀 떡꼬치
57,결혼한 얼리어답터
58,휴가나온 치킨마요
59,혼란스러운 뉴요커
60,운동하는 오장육부
61,어제 헤어진 짤방
62,양말을 신은 골룸
63,결벽증있는 거북선
64,요가하는 장기투자자
65,눈치보는 천칭자리
66,당황한 셀레나고메즈
67,교정기를 낀 귀신
68,우산 도둑맞은 인싸
69,쏘맥타는 연예인
70,술 취한 잔소리
71,폭발하는 우산꽂이
72,달콤한 좀비
73,소설쓰는 명함
74,배고픈 노사연
75,가을타는 알바생
76,기분 좋은 영웅
77,주먹이 작은 패션왕
78,야행성 공유킥보드
79,곱슬곱슬한 메로나
80,겨울잠자는 잔소리
81,지루한 바비인형
82,상처받은 룰루
83,거북목의 김대리
84,지건 마려운 얼죽아
85,안경 쓴 해커
86,다이빙하는 아이언맨
87,고조선 시대의 냄비
88,당당한 궁예
89,스쿼트 하는 훈이
90,부서진 즐라탄
91,작곡하는 종이컵
92,돈 모으는 얼죽아
93,출튀하는 뉴요커
94,공부하는 용사
95,개방적인 리신
96,귀여운 아이패드
97,너덜너덜해진 지구
98,액정이 깨진 잼민이
99,당찬 푸시알림
100,사연있는 트로트가수
101,보고싶던 척추뼈
102,무임승차중인 곽철용
103,가발을 쓴 듀공
104,부서진 화석
105,대충 사는 아따맘마
106,수염난 떡꼬치
107,잠수타는 초딩
108,휴가 짤린 뚱이
109,육식하는 앞잡이
110,졸고있는 티모
111,싸움잘하는 해커
112,보청기를 낀 연예인
113,무서운 도어락
114,잠수타는 더블모니터
115,비행중인 척추뼈
116,배영하는 다람쥐
117,분리수거하는 물장수
118,산책하는 뺀질이
119,당찬 단체약속
120,야작하는 이모티콘
121,렉 걸린 요리왕
122,라식한 빨대
123,변비에 걸린 자몽
124,퍽퍽한 키오스크
125,여행 중인 우리형
126,과제하는 초가집
127,대충 사는 단체약속
128,안달난 얼리어답터
129,감 떨어진 비타민B
130,모자를 쓴 궁예
131,안경 쓴 솜이불
132,겁이 많은 지니요정
133,비겁한 냄비
134,한약먹는 대리운전
135,1일1팩하는 자몽
136,공부하는 바비인형
137,죽어가는 잼민이
138,멍때리는 고객센터
139,커피내리는 관리자
140,늦잠자는 국회의원
141,곱슬곱슬한 고모
142,재채기하는 돌멩이
143,혼란스러운 골프공
144,조깅하는 맛집평론가
145,빨래하는 바이러스
146,배부른 마이클조던
147,논리적인 왕초보
148,결혼한 진구
149,아장아장걷는 거미
150,잠꼬대 하는 식빵
151,친구가 많은 탄산수
152,상처받은 엄마아빠
153,쏘맥타는 알라딘
154,오들오들 떠는 궁예
155,사연있는 페더러
156,갓 태어난 지니요정
157,거울 보는 웰시코기
158,용감한 자동차
159,이빨썩은 해적왕
160,사다리타는 귀신
161,영어 못하는 건전지
162,고민중인 왕초보
163,야작하는 순두부
164,거북목의 교감선생
165,선글라스 쓴 z세대
166,가랏! 이구아나
167,양치하는 곤약젤리
168,북한에 떨어진 영웅
169,결혼을 앞둔 도움말
170,비겁한 산책용 목줄
171,결벽증있는 마스크
172,혼란스러운 립스틱
173,기력없는 악당
174,곱슬곱슬한 문돌이
175,염탐하는 하얀양말
176,노래 잘하는 빨대
177,수석입학한 캠핑족
178,폰 잃어버린 척추뼈
179,싸움잘하는 지토
180,기분 좋은 치킨마요
181,노래 잘하는 비욘세
182,용감한 공기계
183,부서진 원숭이띠
184,요가하는 와썹맨
185,청순한 무선키보드
186,잠꼬대하는 김기사
187,어질러진 우리형
188,매일 지각하는 듀공
189,배영하는 룰루
190,귀여운 비욘세
191,자전거 타는 치킨
192,잔소리하는 바이러스
193,벼락맞은 고구마호박
194,백수를 꿈꾸는 목사
195,수석입학한 세젤귀
196,비겁한 리모컨
197,사다리타는 티모
198,읽씹하는 문돌이
199,축가부르는 단체약속
200,스트릿출신 인기남
201,졸고있는 가평 펜션
202,복세편살 VJ특공대
203,잠꼬대하는 파티광
204,523년 먹은 포도
205,졸고있는 두더지
206,질투하는 엄마아빠
207,뜨개질하는 룰루
208,렉 걸린 관리자
209,코고는 프로레슬러
210,야작하는 페이커
211,집들이하는 파리지앵
212,퇴사하고 싶은 물통
213,잔소리하는 둘째이모
214,멍때리는 짤방
215,뒤로 걷는 알라딘
216,노래 잘하는 이순신
217,폭신폭신한 연예인
218,쏘맥타는 잔소리
219,귀여운 음치박치몸치
220,어질러진 나무꾼
221,스쿼트 하는 시츄
222,자전거 타는 김팀장
223,뿌듯해하는 공기계
224,작곡하는 미스터트롯
225,버럭하는 바밤바
226,스트릿출신 새내기
227,상상도 못한 사장
228,감 떨어진 풍선껌
229,아침잠 많은 악당
230,꼼지락거리는 계산기
231,읽씹하는 교회오빠
232,너덜너덜해진 쿨피스
233,일 하기 싫은 리신
234,뿌듯해하는 페더러
235,공부하는 이순신
236,폰 잃어버린 계산기
237,염탐하는 알라딘
238,폭신폭신한 골프공
239,미소짓는 종이학
240,매일 지각하는 사장
241,속삭이는 장기투자자
242,달콤한 바이러스
243,아까 만난 평강공주
244,졸업사진찍는 주사위
245,미소짓는 발톱깎이
246,서핑하는 호두파이
247,난감해하는 원숭이띠
248,과제하는 오토바이
249,투샷 추가한 패션왕
250,장염 걸린 촛불
251,인기 많은 JYP
252,아까 만난 새우깡
253,공부하는 둘째이모
254,한약먹는 미스트롯
255,거울 보는 오장육부
256,난감해하는 치즈피자
257,야행성 신입사원
258,소심한 사장
259,소설쓰는 김팀장
260,알바하는 해커
261,한약먹는 무선키보드
262,김밥 마는 엄지공주
263,쏟아진 짱구아빠
264,과제하는 VJ특공대
265,기력없는 바다포도
266,비겁한 김밥말이
267,곱슬곱슬한 허수아비
268,감성 풍부한 이순신
269,퍽퍽한 솜이불
270,보고싶던 뉴요커
271,읽씹하는 아메리카노
272,줄넘기하는 슈퍼스타
273,잠수타는 세균
274,뿌듯해하는 오메가3
275,산책하는 아기상어
276,미소짓는 트롤
277,주먹이 작은 거북선
278,소장하고 싶은 인싸
279,외계에서 온 솜이불
280,지루한 두더지
281,뿌듯해하는 교수
282,아까 만난 돌멩이
283,냄새나는 바둑기사
284,오들오들 떠는 타잔
285,공부하는 말썽꾸러기
286,거짓투성이 인기남
287,무서운 냄비
288,감성 풍부한 우리형
289,잔소리하는 도움말
290,당찬 둘째이모
291,졸고있는 둘리
292,라식한 영국사람
293,렉 걸린 공유오피스
294,잔소리하는 해적왕
295,렉 걸린 웰시코기
296,장염 걸린 밀짚모자
297,빨간맛 에펠탑
298,라식한 슈퍼스타
299,산책하는 에어컨
300,어제 헤어진 귀신
301,복세편살 파리지앵
302,선글라스 쓴 에펠탑
303,공부하는 비욘세
304,시대를 앞서간 고수
305,금주에 실패한 포도
306,유연한 패션왕
307,뿌듯해하는 아이언맨
308,무서운 피노키오
309,멍때리는 미니언즈
310,곱슬곱슬한 허수아비
311,커피 쏟은 사각피자
312,결혼한 교감선생
313,휴가 짤린 부자아빠
314,씨름하는 티모
315,이빨썩은 헬린이
316,바쁜척하는 탕수육
317,미소짓는 지구
318,고장난 아이돌
319,갓 태어난 실험맨
320,출튀하는 꼬북칩
321,용감한 계산기
322,읽씹하는 호빵맨
323,운동하는 거북선
324,목이 마른 물장수
325,초조해하는 포도
326,빨간맛 산책용 목줄
327,팀플하는 발자국
328,목이 마른 노트북
329,소설쓰는 거지
330,지루한 훈제계란
331,이케아 출신 강아지
332,막돼먹은 트롤
333,일어나소서 JYP
334,사랑니빠진 괴자번호
335,커피 쏟은 마카오박
336,결혼한 영국사람
337,꼼지락거리는 짤방
338,빈둥거리는 이구아나
339,어질러진 괴자번호
340,라식한 거북선
341,배고픈 슬리퍼
342,졸고있는 밀짚모자
343,금사빠인 타잔
344,무서운 미소천사
345,죽다 살아난 세경씨
346,눈치보는 탕수육
347,이빨썩은 대나무
348,어질러진 세종대왕
349,주먹이 작은 아이폰
350,회의하는 패션왕
351,겨울잠자는 미스트롯
352,공부하는 도움말
353,거북목의 지구방위대
354,과제하는 뉴요커
355,산책하는 장기투자자
356,회의하는 스폰지밥
357,보고싶던 공대생
358,당당한 과자꾸러미
359,읽씹하는 돈까스소스
360,혼란스러운 포도
361,내 남자친구는 호박
362,과제하는 미소천사
363,달콤한 동방박사
364,냄새나는 이순신
365,염탐하는 개발자
366,잠꼬대하는 마스크
367,교정기를 낀 유튜버
368,안경 쓴 세균
369,늦잠자는 주먹왕랄프
370,역마살이 낀 선인장
371,귀여운 짤방
372,일어나소서 공기계
373,거울 보는 나무꾼
374,커피 쏟은 미스트롯
375,덤블링하는 드라이버
376,개방적인 아이언맨
377,무임승차중인 파티광
378,쏟아진 사형수
379,어질러진 샌님
380,싸움잘하는 날개뼈
381,대충 사는 치즈피자
382,복세편살 어린왕자
383,고시공부하는 에어팟
384,폭신폭신한 캠핑족
385,난감해하는 아이돌
386,질풍노도의 진구
387,소원 비는 드라이버
388,귀여운 간달프
389,읽씹하는 달팽이
390,줄넘기하는 새내기
391,싸움잘하는 제시카
392,대충 사는 인현왕후
393,공부하는 선풍기
394,읽씹하는 날개뼈
395,화가 많은 타잔
396,안달난 황금 마티즈
397,장염걸린 곤약젤리
398,결혼한 밀짚모자
399,장염걸린 훈제계란
400,땀흘리는 웰시코기
401,수염난 전사
402,벌에 쏘인 거북선
403,여행 중인 돌멩이
404,투샷 추가한 요리왕
405,변비에 걸린 JYP
406,돈 벌고 싶은 과자
407,성당 다니는 거미
408,감 떨어진 유튜버
409,지루한 미소천사
410,커피 쏟은 마스크
411,택배를 받은 김팀장
412,고기굽는 일기장
413,눈치보는 거북선
414,결혼을 앞둔 왕초보
415,무지갯빛 듀공
416,아까 만난 모태솔로
417,휴가 짤린 나무늘보
418,뒷골 땡기는 해적왕
419,용감한 동방박사
420,음악 듣는 지니요정
421,커피내리는 리모컨
422,고장난 천문대
423,어질러진 리신
424,장염걸린 라떼
425,배고픈 세경씨
426,사연있는 종이학
427,감 떨어진 별풍선
428,냄새나는 실리콘밸리
429,과제하는 거지
430,여행 중인 스폰지밥
431,틀니낀 아메리카노
432,죽어가는 딜리버리맨
433,눈치보는 국회의원
434,염탐하는 단체약속
435,졸고있는 스폰지밥
436,사연있는 프로레슬러
437,보고싶던 엽기토끼
438,틀니낀 순두부
439,술 취한 에펠탑
440,여행 중인 어피치
441,스쿼트 하는 햄스터
442,공부하는 사각피자
443,킥보드 타는 의자왕
444,졸고있는 주사위
445,선글라스 쓴 고모
446,질투하는 대학원생
447,벌에 쏘인 밀크씨슬
448,비행중인 쿨피스
449,눈치보는 고수
450,감 떨어진 라운지
451,지건 마려운 전사
452,갓 태어난 혁명가
453,당당한 바다포도
454,돈 모으는 발자국
455,반사회적 김팀장
456,공부하는 세젤귀
457,보고싶던 귀신
458,사연있는 자동차
459,수염난 일기장
460,야행성 인기남
461,눈이 침침한 노트북
462,뿌듯해하는 수박주스
463,청순한 미스터초밥왕
464,초조해하는 캠핑족
465,외계에서 온 사랑꾼
466,기력없는 도어락
467,북한에 떨어진 궁예
468,가랏! 간달프
469,한 여름밤의 해커
470,안달난 치즈냥이
471,공부하는 가평 별장
472,반사회적 인현왕후
473,밤샘하는 이구아나
474,곱슬곱슬한 진구
475,친구가 많은 체리
476,막돼먹은 담임선생
477,화가 많은 닭발
478,청순한 슈퍼스타
479,집들이하는 바밤바
480,1일1팩하는 짤방
481,휴가 짤린 메로나
482,안경 쓴 마스크팩
483,캠핑하는 충전기
484,돈 모으는 괴자번호
485,빨래하는 아기상어
486,질풍노도의 엄지공주
487,야작하는 자동차
488,배부른 피노키오
489,당돌한 이쑤신장군
490,기차놀이하는 타잔
491,배영하는 돈많은동생
492,당황한 방울토마토
493,겁이 많은 스폰지밥
494,결혼한 북극곰
495,분리수거하는 후드티
496,육식하는 심해어
497,운동하는 요리왕
498,초조해하는 파티광
499,사다리타는 앞잡이
500,뿌듯해하는 치즈냥이
501,사춘기를 맞은 고수
502,자전거 타는 어피치
503,작곡하는 한국다람쥐
504,갓 태어난 해적왕
505,비겁한 엑셀마스터
506,잔소리하는 담임선생
507,커피향이 나는 쿠키
508,소설쓰는 쿨피스
509,이빨썩은 파맛첵스
510,거울 보는 헬린이
511,목이 마른 사장
512,눈치보는 뮤지션
513,소원 비는 카드지갑
514,소심한 유튜버
515,육식하는 메모장
516,배고픈 가평 별장
517,양치하는 촛불
518,땀흘리는 과자
519,속삭이는 장난꾸러기
520,두근두근한 지구
521,냉방병 걸린 베개
522,퇴사하고 싶은 촛불
523,조깅하는 자동차
524,무임승차중인 영웅
525,재채기하는 푸시알림
526,폰 잃어버린 목사
527,어깨가 아픈 얼죽아
528,읽씹하는 돌멩이
529,파자마를 입은 사장
530,보고싶던 밀크쉐이크
531,두리번거리는 시리얼
532,행복한 패션왕
533,이케아 출신 김팀장
534,금사빠인 프로자취러
535,빈둥거리는 메로나
536,폭신폭신한 우리형
537,죽어가는 교감선생
538,개방적인 돌잡이
539,기차놀이하는 음밥페
540,한약먹는 세균
541,갓 태어난 바다거북
542,요가하는 부자아빠
543,정 떨어지는 목사
544,축가부르는 치즈냥이
545,라식한 과일안주
546,벼락맞은 충전기
547,멍때리는 잔소리
548,곱슬곱슬한 쿠키
549,팀플하는 파맛첵스
550,배영하는 선물상자
551,가을타는 백주부
552,안경 쓴 김대리
553,당황한 클러버
554,개방적인 아이언맨
555,폭신폭신한 아이패드
556,꼼지락거리는 맵찔이
557,감 떨어진 지토
558,공부하는 촛불
559,커피내리는 뚝딱이
560,법정에 선 따개비
561,졸업사진찍는 김기사
562,잔소리하는 거지
563,운동하는 김팀장
564,소원 비는 주사기
565,배부른 교수
566,쏘맥타는 바람잡이
567,다이빙하는 아따맘마
568,결혼한 호갱
569,귀여운 룰루
570,거짓투성이 거지
571,멍때리는 실리콘밸리
572,논리적인 쿠키
573,라식한 별에서온그대
574,금사빠인 개발자
575,어질러진 이쑤신장군
576,버럭하는 엘사
577,성당 다니는 유튜버
578,금사빠인 주사기
579,렉 걸린 마이클조던
580,냄새나는 카일리제너
581,사연있는 해리포터
582,폭신폭신한 인기남
583,바쁜척하는 에펠탑
584,잔소리하는 백주부
585,빨간맛 실리콘밸리
586,귀신들린 단벌신사
587,당당한 탄산수
588,축가부르는 엽기토끼
589,아이폰만 쓰는 골룸
590,쏘맥타는 교감선생
591,폭발하는 비비빅
592,알바하는 마스크팩
593,배영하는 거북선
594,야행성 달팽이
595,배영하는 김대리
596,공부하는 사각피자
597,질풍노도의 헬린이
598,정 떨어지는 초가집
599,출튀하는 페브리즈
600,법정에 선 교회오빠
601,공부하는 파리지앵
602,냉방병 걸린 옷장
603,회의하는 슈퍼스타
604,땀흘리는 얼리어답터
605,소설쓰는 공유오피스
606,이케아 출신 마스크
607,부서진 마카오박
608,거북목의 JYP
609,면도하는 도깨비
610,쌈박질하는 대리운전
611,커피향이 나는 물통
612,미소짓는 디즈니
613,읽씹하는 궁예
614,미소짓는 거지
615,택배를 받은 타이슨
616,어깨빵하는 라운지
617,씨름하는 엽기토끼
618,미소짓는 빨대
619,퇴근하고 싶은 촛불
620,눈이 침침한 아싸
621,알바하는 JYP
622,쏟아진 아인슈타인
623,지건 마려운 계산기
624,염탐하는 독버섯
625,성장판 닫힌 심해어
626,양치하는 김대리
627,과제하는 바다포도
628,잔소리하는 유튜버
629,늦잠자는 엄마아빠
630,읽씹하는 귀신
631,사연있는 사형수
632,과제하는 비타민B
633,감 떨어진 아보카도
634,소심한 마스크팩
635,막돼먹은 거북선
636,라식한 훈이
637,상상도 못한 사장
638,죽다 살아난 병뚜껑
639,용감한 나무늘보
640,인기 많은 선물상자
641,참지않는 메모장
642,벼락맞은 메모장
643,뜨개질하는 비비빅
644,양말을 신은 간달프
645,돈 모으는 대리운전
646,대충 사는 지토
647,배부른 족발
648,폭발하는 뚝딱이
649,고장난 마리오
650,무지갯빛 아인슈타인
651,김밥 마는 워크맨
652,지루한 골든리트리버
653,당돌한 카드지갑
654,성당 다니는 김팀장
655,음악 듣는 쿨피스
656,산책하는 시리얼
657,휴가 짤린 오메가3
658,미소짓는 손민수
659,수염난 강아지
660,영어 못하는 마리오
661,양치하는 세젤귀
662,폭발하는 순살치킨
663,가발을 쓴 아싸
664,과제하는 피노키오
665,어깨빵하는 훈이
666,장염걸린 물장수
667,액정이 깨진 날개뼈
668,갓 태어난 시츄
669,한약먹는 패션왕
670,잠수타는 드웨인존슨
671,가랏! 해바라기씨
672,전성기를 맞은 진구
673,이케아 출신 발자국
674,복세편살 빨대
675,보고싶던 우산꽂이
676,막돼먹은 피노키오
677,당찬 치킨
678,보고싶던 판도라상자
679,대충 사는 독버섯
680,인기 많은 냄비
681,안달난 괴자번호
682,일어나소서 말티즈
683,모자를 쓴 파티광
684,거울 보는 공기계
685,거북목의 솜이불
686,늦잠자는 딜리버리맨
687,당돌한 따개비
688,금사빠인 장난꾸러기
689,졸업사진찍는 아싸
690,로또에 당첨된 샌님
691,양치하는 파리지앵
692,귀신들린 뺀질이
693,목이 마른 단벌신사
694,코딩하는 해적왕
695,기력없는 관리자
696,휴가 짤린 둘리
697,뒤로 걷는 족발
698,로또에 당첨된 진구
699,퍽퍽한 이온음료
700,사랑에 빠진 마스크
701,두근두근한 쿨피스
702,대충 사는 캠핑족
703,막돼먹은 거미
704,병원에 간 카드지갑
705,쏟아진 마리오
706,휴가 짤린 족발
707,배고픈 떡꼬치
708,땀흘리는 병뚜껑
709,공부하는 나무늘보
710,상상도 못한 과자
711,유연한 미니언즈
712,용감한 공기계
713,초조해하는 북극곰
714,거북목의 국회의원
715,거울 보는 대리운전
716,복세편살 햄스터
717,돈 모으는 김기사
718,렉 걸린 노사연
719,역마살이 낀 뮤지션
720,커피 쏟은 교회오빠
721,어깨빵하는 독버섯
722,기력없는 귀신
723,당찬 솜이불
724,요가하는 사과
725,조깅하는 식빵
726,죽어가는 아이패드
727,아까 만난 골룸
728,돈 모으는 메모장
729,휴가 짤린 베개
730,자전거 타는 시리얼
731,밤샘하는 김기사
732,코고는 천문대
733,정 떨어지는 유튜버
734,읽씹하는 인기남
735,친구가 많은 즐라탄
736,수염난 혁명가
737,코딩하는 이구아나
738,질풍노도의 괴자번호
739,질풍노도의 곤듀님
740,작곡하는 발자국
741,커피 쏟은 웰시코기
742,소설쓰는 인현왕후
743,잔소리하는 티벳여우
744,장염걸린 달팽이
745,서럽게 우는 충전기
746,멍때리는 고수
747,논리적인 체리
748,감 떨어진 별풍선
749,소설쓰는 신입사원
750,액정이 깨진 병뚜껑
751,라식한 개발자
752,무서운 인기남
753,막돼먹은 천문대
754,앞뒤가 똑같은 지토
755,줄넘기하는 오메가3
756,질투하는 두더지
757,투샷 추가한 클러버
758,과제하는 김기사
759,퍽퍽한 얼죽아
760,기분 좋은 카드지갑
761,외계에서 온 뚝딱이
762,보고싶던 해커
763,틀니낀 인터넷중독자
764,축가부르는 다람쥐
765,당당한 김치볶음
766,가발을 쓴 샌님
767,지루한 인현왕후
768,배고픈 둘째이모
769,사랑에 빠진 페더러
770,벼락맞은 모닝커피
771,속삭이는 지토
772,무임승차중인 약장수
773,어질러진 미스트롯
774,당돌한 리신
775,논리적인 바람잡이
776,사다리타는 문돌이
777,알바하는 사형수
778,배영하는 나무포크
779,배고픈 물통
780,유연한 개발자
781,논리적인 달팽이
782,길에 서있는 촛불
783,기차놀이하는 공기계
784,죽다 살아난 말티즈
785,고민중인 연예인
786,비겁한 골프공
787,주먹이 작은 의자왕
788,수염난 모태솔로
789,커피내리는 에펠탑
790,혼자 남겨진 과자
791,빨간맛 디즈니
792,눈치보는 종이컵
793,고민중인 김밥말이
794,줄넘기하는 공기계
795,아까 만난 건전지
796,미소짓는 패셔니스타
797,뒷골 땡기는 뉴요커
798,가을타는 페더러
799,코딩하는 인현왕후
800,덤블링하는 사랑꾼
801,1일1팩하는 노트북
802,커피 쏟은 거북선
803,고시공부하는 초딩
804,기차놀이하는 펭수
805,렉 걸린 대학생
806,공부하는 미소천사
807,나약해빠진 개발자
808,숙취에 쩔은 종이컵
809,배부른 주사위
810,달콤한 트롤
811,기차놀이하는 지구
812,작곡하는 쿠키
813,안경 쓴 핫식스
814,택배를 받은 돌잡이
815,작곡하는 약장수
816,스쿼트 하는 종이컵
817,싸움잘하는 혁명가
818,반사회적 세경씨
819,잠수타는 미소천사
820,읽씹하는 스크류바
821,곱슬곱슬한 핫식스
822,고민중인 돈까스소스
823,뒤로 걷는 네이마르
824,라식한 발톱깎이
825,냄새나는 왕초보
826,지건 마려운 도깨비
827,결혼을 앞둔 전사
828,버럭하는 과일안주
829,서핑하는 z세대
830,쏘맥타는 와썹맨
831,산책하는 주먹왕랄프
832,반사회적 인싸
833,감 떨어진 김팀장
834,폭신폭신한 뺀질이
835,야행성 종이학
836,잠수타는 아메리카노
837,회의하는 노트북
838,귀신들린 z세대
839,한 여름밤의 세젤귀
840,일어나소서 에코백
841,빨래하는 카드지갑
842,깍두기 담그는 듀공
843,커피내리는 교감선생
844,재채기하는 펭수
845,야작하는 이구아나
846,복세편살 대학원생
847,비겁한 바밤바
848,달콤한 마리오
849,출튀하는 곤약젤리
850,질투하는 시츄
851,비행중인 메로나
852,당황한 황금 마티즈
853,이케아 출신 바밤바
854,읽씹하는 트로트가수
855,한약먹는 병뚜껑
856,유연한 이성계
857,미소짓는 천칭자리
858,멍때리는 제시카
859,당당한 관리자
860,다리털이 많은 리신
861,고시공부하는 쿨피스
862,뿌듯해하는 덕선이
863,줄넘기하는 김기사
864,폭발하는 뚱이
865,아까 만난 노사연
866,축가부르는 병뚜껑
867,당돌한 혁명가
868,재채기하는 길고양이
869,법정에 선 엄지공주
870,우연히 만난 타이슨
871,지루한 하얀양말
872,틀니낀 프로자취러
873,두리번거리는 호갱
874,냄새나는 아보카도
875,술 취한 마법사
876,우연히 만난 족발
877,벌에 쏘인 패션왕
878,질투하는 자강두천
879,과제하는 가평 펜션
880,보청기를 낀 독버섯
881,뿌듯해하는 버즈
882,소심한 따개비
883,냉방병 걸린 사과
884,킥보드 타는 돌잡이
885,틀니낀 버즈
886,행복한 부자아빠
887,혼자 남겨진 새내기
888,1일1팩하는 덕선이
889,미소짓는 진구
890,뿌듯해하는 선풍기
891,거북목의 자강두천
892,곱슬곱슬한 시츄
893,기분 좋은 세경씨
894,폰 잃어버린 제시카
895,씨름하는 아기제비
896,기력없는 약장수
897,무지갯빛 화석
898,결혼을 앞둔 워크맨
899,비겁한 딜리버리맨
900,장염걸린 아따맘마
901,이빨썩은 김대리
902,야작하는 인현왕후
903,육식하는 주먹왕랄프
904,안달난 마스크
905,법정에 선 대학원생
906,슬기로운 비타민C
907,서핑하는 알바생
908,읽씹하는 고객센터
909,냄새나는 사각피자
910,쌈박질하는 공대생
911,액정이 깨진 골프공
912,여행 중인 마스크팩
913,염탐하는 앱 개발자
914,서럽게 우는 세젤귀
915,산책하는 테니스왕자
916,정 떨어지는 훈이
917,버럭하는 또치
918,빨간맛 나무늘보
919,공부하는 드라이버
920,회의하는 등산러
921,공부하는 사과
922,치타보다 빠른 사과
923,당황한 물통
924,개방적인 도움말
925,회의하는 파티광
926,휴가 짤린 실험맨
927,집들이하는 해적왕
928,한숨쉬는 치즈피자
929,질투하는 비타민C
930,싸움잘하는 알바생
931,잠꼬대하는 치킨
932,한 여름밤의 개발자
933,벼락맞은 도깨비
934,소설쓰는 알파고
935,폰 잃어버린 새내기
936,늦잠자는 사각피자
937,사연있는 돈까스소스
938,투샷 추가한 실험맨
939,장염걸린 잼민이
940,돈 모으는 물장수
941,산책하는 김팀장
942,소장하고 싶은 좀비
943,줄넘기하는 다람쥐
944,당돌한 순살치킨
945,꼼지락거리는 페이커
946,늦잠자는 선물상자
947,멍때리는 새내기
948,논리적인 클러버
949,수석입학한 호박
950,커피내리는 페브리즈
951,서럽게 우는 다람쥐
952,졸고있는 백주부
953,다이빙하는 카드지갑
954,작곡하는 떡꼬치
955,보고싶던 계산기
956,뜨개질하는 곽철용
957,주먹이 작은 잔소리
958,서핑하는 곤약젤리
959,팀플하는 미어캣
960,죽어가는 고객센터
961,친구가 많은 메로나
962,가랏! 앱 개발자
963,축가부르는 마스크팩
964,소설쓰는 닭발
965,배부른 킴카다시안
966,당황한 목사
967,퍽퍽한 알바생
968,나약해빠진 개발자
969,금사빠인 자몽
970,출튀하는 발자국
971,멍때리는 에코백
972,쏟아진 파맛첵스
973,운동하는 공유킥보드
974,멍때리는 핫식스
975,대충 사는 주사위
976,당당한 등산러
977,겁이 많은 둘리
978,알바하는 치즈냥이
979,주먹이 작은 덕선이
980,킥보드 타는 패션왕
981,멍때리는 맵찔이
982,아까 만난 에어팟
983,팀플하는 편돌이
984,당찬 에코백
985,복세편살 얼리어답터
986,알바하는 세종대왕
987,밤샘하는 아보카도
988,배영하는 암모나이트
989,수염난 뚱이
990,지건 마려운 주사위
991,안경 쓴 즐라탄
992,523년 먹은 궁예
993,투샷 추가한 라떼
994,공부하는 VJ특공대
995,작곡하는 혁명가
996,무서운 순두부
997,잠수타는 즐라탄
998,청순한 얼죽아
999,공부하는 사장
1000,고민중인 미스터트롯
